-- phpMyAdmin SQL Dump
-- version 4.6.6deb5
-- https://www.phpmyadmin.net/
--
-- Host: localhost:3306
-- Generation Time: May 25, 2019 at 02:21 AM
-- Server version: 5.7.26-0ubuntu0.18.04.1
-- PHP Version: 7.2.17-0ubuntu0.18.04.1

SET SQL_MODE = "NO_AUTO_VALUE_ON_ZERO";
SET time_zone = "+00:00";


/*!40101 SET @OLD_CHARACTER_SET_CLIENT=@@CHARACTER_SET_CLIENT */;
/*!40101 SET @OLD_CHARACTER_SET_RESULTS=@@CHARACTER_SET_RESULTS */;
/*!40101 SET @OLD_COLLATION_CONNECTION=@@COLLATION_CONNECTION */;
/*!40101 SET NAMES utf8mb4 */;

--
-- Database: `dev2`
--

-- --------------------------------------------------------

--
-- Table structure for table `ADVISOR`
--

CREATE TABLE `ADVISOR` (
  `idADVISOR` int(11) NOT NULL,
  `FIRSTNAME` varchar(30) NOT NULL,
  `LASTNAME` varchar(30) NOT NULL,
  `GENDER` varchar(20) DEFAULT NULL,
  `EMAIL` varchar(30) NOT NULL,
  `PHONE1` varchar(20) DEFAULT NULL,
  `PHONE2` varchar(20) DEFAULT NULL,
  `DISABLE` tinyint(4) NOT NULL DEFAULT '0'
) ENGINE=InnoDB DEFAULT CHARSET=utf8;

--
-- Dumping data for table `ADVISOR`
--

INSERT INTO `ADVISOR` (`idADVISOR`, `FIRSTNAME`, `LASTNAME`, `GENDER`, `EMAIL`, `PHONE1`, `PHONE2`, `DISABLE`) VALUES
(1, 'David', 'Maury', 'M', 'jamorp.pro@gmail.com', '0251425336', '0651425336', 0),
(2, 'Helyas', 'Samy', 'M', 'jamorp.pro@gmail.com', '0251425337', '0651425337', 0),
(3, 'Julie', 'Money', 'F', 'jamorp.pro@gmail.com', '0651425338', '0651425338', 0);

-- --------------------------------------------------------

--
-- Table structure for table `ADVISOR_CATEGORIE_APPOINTMENT`
--

CREATE TABLE `ADVISOR_CATEGORIE_APPOINTMENT` (
  `idADVISOR` int(11) NOT NULL,
  `idCATEGORIE_APPOINTMENT` int(11) NOT NULL
) ENGINE=InnoDB DEFAULT CHARSET=utf8;

--
-- Dumping data for table `ADVISOR_CATEGORIE_APPOINTMENT`
--

INSERT INTO `ADVISOR_CATEGORIE_APPOINTMENT` (`idADVISOR`, `idCATEGORIE_APPOINTMENT`) VALUES
(1, 1),
(1, 2),
(2, 2),
(3, 4),
(3, 5);

-- --------------------------------------------------------

--
-- Table structure for table `APPOINTMENT`
--

CREATE TABLE `APPOINTMENT` (
  `idAPPOINTMENT` int(11) NOT NULL,
  `TITLE` varchar(45) NOT NULL,
  `NAME_PRODUCT` varchar(45) NOT NULL,
  `NAME_PRODUCT_CATEGORIE` varchar(30) NOT NULL,
  `idPRODUCT_CATEGORIE` int(11) NOT NULL,
  `DETAILS` tinytext,
  `FIRSTNAME` varchar(20) NOT NULL,
  `LASTNAME` varchar(20) NOT NULL,
  `EMAIL` varchar(45) NOT NULL,
  `PHONE` int(11) NOT NULL,
  `CITY` varchar(50) NOT NULL,
  `ZIP_CODE` varchar(10) NOT NULL,
  `DATE_REQUEST` timestamp NULL DEFAULT NULL ON UPDATE CURRENT_TIMESTAMP,
  `ADVISOR` varchar(30) DEFAULT NULL,
  `ADDRESS_APPOINTMENT` varchar(255) DEFAULT NULL,
  `DATE_APPOINTMENT` varchar(45) NOT NULL,
  `START_APPOINTMENT` datetime DEFAULT NULL,
  `END_APPOINTMENT` datetime DEFAULT NULL,
  `isCONFIRMED` tinyint(4) NOT NULL DEFAULT '0',
  `isSCHEDULED` tinyint(4) NOT NULL DEFAULT '0',
  `DISABLE` tinyint(4) NOT NULL DEFAULT '0',
  `idUSER` int(11) NOT NULL DEFAULT '0',
  `idENTITY` int(11) NOT NULL
) ENGINE=InnoDB DEFAULT CHARSET=utf8;

--
-- Dumping data for table `APPOINTMENT`
--

INSERT INTO `APPOINTMENT` (`idAPPOINTMENT`, `TITLE`, `NAME_PRODUCT`, `NAME_PRODUCT_CATEGORIE`, `idPRODUCT_CATEGORIE`, `DETAILS`, `FIRSTNAME`, `LASTNAME`, `EMAIL`, `PHONE`, `CITY`, `ZIP_CODE`, `DATE_REQUEST`, `ADVISOR`, `ADDRESS_APPOINTMENT`, `DATE_APPOINTMENT`, `START_APPOINTMENT`, `END_APPOINTMENT`, `isCONFIRMED`, `isSCHEDULED`, `DISABLE`, `idUSER`, `idENTITY`) VALUES
(1, 'Appointment Service 1', 'Service 1', 'Categorie 1', 1, 'Service 1, final contract', 'Julien', 'Martin', 'elia.fci@gmail.com', 0, '', '', '2019-05-24 09:45:19', '', '', '', '2019-03-05 00:00:00', '2019-03-05 00:00:00', 1, 0, 0, 0, 1),
(2, 'Appointment Service 2', 'Service 2', 'Categorie 2', 2, 'Service 2, first contact', 'Sylvie', 'Renault', 'elia.fci@gmail.com', 0, '', '', '2019-05-24 09:45:23', '', '', '', '2019-03-06 00:00:00', '2019-03-06 00:00:00', 1, 0, 0, 0, 1),
(5, 'Appointment Service 5', 'Service 5', 'Categorie 1', 1, 'Service 5, financing purchase', 'Sardine', 'Malaunay', 'elia.fci@gmail.com', 0, '', '', '2019-05-24 09:45:26', '', '', '', '2019-04-30 00:00:00', '2019-04-30 00:00:00', 1, 0, 0, 0, 1),
(6, 'Appointment Service 6', 'Service 6', 'Categorie 4', 4, 'Service 6, Opening account', 'Julie', 'Darmenval', 'elia.fci@gmail.com', 0, '', '', '2019-05-24 09:45:28', '', '', '', '2019-04-30 00:00:00', '2019-04-30 00:00:00', 1, 0, 0, 0, 1);

-- --------------------------------------------------------

--
-- Table structure for table `CATEGORIE_APPOINTMENT`
--

CREATE TABLE `CATEGORIE_APPOINTMENT` (
  `idCATEGORIE_APPOINTMENT` int(11) NOT NULL,
  `NAME` varchar(30) NOT NULL,
  `DURATION` varchar(10) NOT NULL,
  `DISABLE` varchar(45) NOT NULL DEFAULT '0',
  `LEVEL` int(11) NOT NULL
) ENGINE=InnoDB DEFAULT CHARSET=utf8;

--
-- Dumping data for table `CATEGORIE_APPOINTMENT`
--

INSERT INTO `CATEGORIE_APPOINTMENT` (`idCATEGORIE_APPOINTMENT`, `NAME`, `DURATION`, `DISABLE`, `LEVEL`) VALUES
(1, 'MOYEN DE PAIEMENT', '45', '0', 1),
(2, 'MA SITUATION', '30', '0', 1),
(3, 'EPARGNE ET PLACEMENTS', '60', '0', 1),
(4, 'ASSURANCES', '60', '0', 1),
(5, 'PROJET IMMO', '60', '0', 1),
(6, 'CREDIT CONSO', '60', '0', 1);

-- --------------------------------------------------------

--
-- Table structure for table `CATEGORIE_APPOINTMENT_PARENT`
--

CREATE TABLE `CATEGORIE_APPOINTMENT_PARENT` (
  `idCATEGORIE_APPOINTMENT` int(11) NOT NULL,
  `PARENT_ID` int(11) NOT NULL
) ENGINE=InnoDB DEFAULT CHARSET=utf8;

-- --------------------------------------------------------

--
-- Table structure for table `COLOR`
--

CREATE TABLE `COLOR` (
  `idCOLOR` int(11) NOT NULL,
  `COLOR` varchar(20) NOT NULL
) ENGINE=InnoDB DEFAULT CHARSET=utf8;

--
-- Dumping data for table `COLOR`
--

INSERT INTO `COLOR` (`idCOLOR`, `COLOR`) VALUES
(1, '#2D95BF'),
(2, '#48CFAE'),
(3, '#50C1E9'),
(4, '#FB6E52'),
(5, '#ED5564'),
(6, '#F8B195'),
(7, '#355C7D'),
(8, '#EACE14'),
(9, '#26F781'),
(10, '#E00FB6'),
(1000, '#808080');

-- --------------------------------------------------------

--
-- Table structure for table `COLOR_CATEGORIE`
--

CREATE TABLE `COLOR_CATEGORIE` (
  `idCOLOR` int(11) NOT NULL,
  `idCATEGORIE_APPOINTMENT` int(11) NOT NULL
) ENGINE=InnoDB DEFAULT CHARSET=utf8;

--
-- Dumping data for table `COLOR_CATEGORIE`
--

INSERT INTO `COLOR_CATEGORIE` (`idCOLOR`, `idCATEGORIE_APPOINTMENT`) VALUES
(1, 1),
(2, 2),
(3, 3),
(4, 4),
(5, 5),
(6, 6);

-- --------------------------------------------------------

--
-- Table structure for table `ENTITY`
--

CREATE TABLE `ENTITY` (
  `idENTITY` int(11) NOT NULL,
  `NAME` varchar(45) NOT NULL,
  `FIRSTNAME_MANAGER` varchar(20) NOT NULL,
  `LASTNAME_MANAGER` varchar(20) NOT NULL,
  `VAT_NUMBER` varchar(45) NOT NULL,
  `ADDRESS` tinytext NOT NULL,
  `CITY` varchar(60) NOT NULL,
  `STATE` varchar(20) DEFAULT NULL,
  `ZIP_CODE` varchar(10) NOT NULL,
  `IDCREDENTIAL` varchar(20) NOT NULL,
  `PASSWORD` varchar(255) NOT NULL,
  `EMAIL` varchar(45) NOT NULL,
  `DATE_CREATION` timestamp NOT NULL DEFAULT CURRENT_TIMESTAMP,
  `MOB_NUMBER` varchar(20) DEFAULT NULL,
  `FIX_NUMBER` varchar(20) DEFAULT NULL,
  `STATUS` varchar(45) DEFAULT 'UNAPPROVED',
  `PLACE_ID` varchar(255) DEFAULT NULL,
  `IS_STORE_HALAL` tinyint(4) NOT NULL DEFAULT '0',
  `CATEGORIES` varchar(255) DEFAULT NULL,
  `CITY_COMPONENT` varchar(30) NOT NULL,
  `ENTITY_CATEGORIE` varchar(255) DEFAULT NULL,
  `CITY_COMPONENT_CATEGORIE` varchar(30) NOT NULL,
  `ADDITIONAL_ACTIVITY` varchar(255) DEFAULT NULL,
  `TAGS` tinytext,
  `DISABLE` tinyint(4) NOT NULL DEFAULT '0'
) ENGINE=InnoDB DEFAULT CHARSET=utf8;

--
-- Dumping data for table `ENTITY`
--

INSERT INTO `ENTITY` (`idENTITY`, `NAME`, `FIRSTNAME_MANAGER`, `LASTNAME_MANAGER`, `VAT_NUMBER`, `ADDRESS`, `CITY`, `STATE`, `ZIP_CODE`, `IDCREDENTIAL`, `PASSWORD`, `EMAIL`, `DATE_CREATION`, `MOB_NUMBER`, `FIX_NUMBER`, `STATUS`, `PLACE_ID`, `IS_STORE_HALAL`, `CATEGORIES`, `CITY_COMPONENT`, `ENTITY_CATEGORIE`, `CITY_COMPONENT_CATEGORIE`, `ADDITIONAL_ACTIVITY`, `TAGS`, `DISABLE`) VALUES
(1, 'BELAFLORA', 'Yves', 'Grancher', 'FR00986754231', '2 Allée de la Hêtraie', 'Notre-Dame-de-Gravenchon', '76', '76330', '986754231', '2089c90f9b', 'yves.grancher@gmail.com', '2019-01-18 18:20:10', '0632843530', '0232843530', 'UNAPPROVED', NULL, 0, NULL, 'FLEURISTE', NULL, 'STORE', NULL, NULL, 0);

-- --------------------------------------------------------

--
-- Table structure for table `ENTITY_CATEGORIE`
--

CREATE TABLE `ENTITY_CATEGORIE` (
  `idENTITY_CATEGORIE` int(11) NOT NULL,
  `NAME` varchar(20) DEFAULT NULL,
  `DISABLE` tinyint(4) DEFAULT '0',
  `idENTITY` int(11) NOT NULL
) ENGINE=InnoDB DEFAULT CHARSET=utf8;

--
-- Dumping data for table `ENTITY_CATEGORIE`
--

INSERT INTO `ENTITY_CATEGORIE` (`idENTITY_CATEGORIE`, `NAME`, `DISABLE`, `idENTITY`) VALUES
(1, 'CATEGORIE1', 0, 1),
(2, 'CATEGORIE2', 0, 1),
(3, 'CATEGORIE3', 0, 1),
(4, 'CATEGORIE4', 0, 1);

-- --------------------------------------------------------

--
-- Table structure for table `LEVEL`
--

CREATE TABLE `LEVEL` (
  `idLEVEL` int(11) NOT NULL
) ENGINE=InnoDB DEFAULT CHARSET=utf8;

--
-- Dumping data for table `LEVEL`
--

INSERT INTO `LEVEL` (`idLEVEL`) VALUES
(1),
(2),
(3),
(4),
(5);

--
-- Indexes for dumped tables
--

--
-- Indexes for table `ADVISOR`
--
ALTER TABLE `ADVISOR`
  ADD PRIMARY KEY (`idADVISOR`);

--
-- Indexes for table `ADVISOR_CATEGORIE_APPOINTMENT`
--
ALTER TABLE `ADVISOR_CATEGORIE_APPOINTMENT`
  ADD PRIMARY KEY (`idADVISOR`,`idCATEGORIE_APPOINTMENT`),
  ADD KEY `fk_ADVISOR_has_CATEGORIE_APPOINTMENT_CATEGORIE_APPOINTMENT1_idx` (`idCATEGORIE_APPOINTMENT`),
  ADD KEY `fk_ADVISOR_has_CATEGORIE_APPOINTMENT_ADVISOR1_idx` (`idADVISOR`);

--
-- Indexes for table `APPOINTMENT`
--
ALTER TABLE `APPOINTMENT`
  ADD PRIMARY KEY (`idAPPOINTMENT`,`idENTITY`),
  ADD KEY `fk_APPOINTMENT_ENTITY1_idx` (`idENTITY`);

--
-- Indexes for table `CATEGORIE_APPOINTMENT`
--
ALTER TABLE `CATEGORIE_APPOINTMENT`
  ADD PRIMARY KEY (`idCATEGORIE_APPOINTMENT`,`LEVEL`),
  ADD KEY `fk_CATEGORIE_APPOINTMENT_LEVEL1_idx` (`LEVEL`);

--
-- Indexes for table `CATEGORIE_APPOINTMENT_PARENT`
--
ALTER TABLE `CATEGORIE_APPOINTMENT_PARENT`
  ADD PRIMARY KEY (`idCATEGORIE_APPOINTMENT`,`PARENT_ID`),
  ADD KEY `fk_CATEGORIE_APPOINTMENT_has_CATEGORIE_APPOINTMENT_CATEGORI_idx` (`PARENT_ID`),
  ADD KEY `fk_CATEGORIE_APPOINTMENT_has_CATEGORIE_APPOINTMENT_CATEGORI_idx1` (`idCATEGORIE_APPOINTMENT`);

--
-- Indexes for table `COLOR`
--
ALTER TABLE `COLOR`
  ADD PRIMARY KEY (`idCOLOR`);

--
-- Indexes for table `COLOR_CATEGORIE`
--
ALTER TABLE `COLOR_CATEGORIE`
  ADD PRIMARY KEY (`idCOLOR`,`idCATEGORIE_APPOINTMENT`),
  ADD KEY `fk_COLOR_has_CATEGORIE_APPOINTMENT_CATEGORIE_APPOINTMENT1_idx` (`idCATEGORIE_APPOINTMENT`),
  ADD KEY `fk_COLOR_has_CATEGORIE_APPOINTMENT_COLOR1_idx` (`idCOLOR`);

--
-- Indexes for table `ENTITY`
--
ALTER TABLE `ENTITY`
  ADD PRIMARY KEY (`idENTITY`),
  ADD UNIQUE KEY `idENTITY_UNIQUE` (`idENTITY`),
  ADD UNIQUE KEY `VAT_NUMBER_UNIQUE` (`VAT_NUMBER`),
  ADD UNIQUE KEY `IDCREDENTIAL_UNIQUE` (`IDCREDENTIAL`);

--
-- Indexes for table `ENTITY_CATEGORIE`
--
ALTER TABLE `ENTITY_CATEGORIE`
  ADD PRIMARY KEY (`idENTITY_CATEGORIE`,`idENTITY`),
  ADD KEY `fk_ENTITY_CATEGORIE_ENTITY1_idx` (`idENTITY`);

--
-- Indexes for table `LEVEL`
--
ALTER TABLE `LEVEL`
  ADD PRIMARY KEY (`idLEVEL`);

--
-- AUTO_INCREMENT for dumped tables
--

--
-- AUTO_INCREMENT for table `ADVISOR`
--
ALTER TABLE `ADVISOR`
  MODIFY `idADVISOR` int(11) NOT NULL AUTO_INCREMENT, AUTO_INCREMENT=4;
--
-- AUTO_INCREMENT for table `APPOINTMENT`
--
ALTER TABLE `APPOINTMENT`
  MODIFY `idAPPOINTMENT` int(11) NOT NULL AUTO_INCREMENT, AUTO_INCREMENT=7;
--
-- AUTO_INCREMENT for table `CATEGORIE_APPOINTMENT`
--
ALTER TABLE `CATEGORIE_APPOINTMENT`
  MODIFY `idCATEGORIE_APPOINTMENT` int(11) NOT NULL AUTO_INCREMENT, AUTO_INCREMENT=7;
--
-- AUTO_INCREMENT for table `COLOR`
--
ALTER TABLE `COLOR`
  MODIFY `idCOLOR` int(11) NOT NULL AUTO_INCREMENT, AUTO_INCREMENT=1001;
--
-- AUTO_INCREMENT for table `ENTITY`
--
ALTER TABLE `ENTITY`
  MODIFY `idENTITY` int(11) NOT NULL AUTO_INCREMENT, AUTO_INCREMENT=2;
--
-- AUTO_INCREMENT for table `ENTITY_CATEGORIE`
--
ALTER TABLE `ENTITY_CATEGORIE`
  MODIFY `idENTITY_CATEGORIE` int(11) NOT NULL AUTO_INCREMENT, AUTO_INCREMENT=5;
--
-- AUTO_INCREMENT for table `LEVEL`
--
ALTER TABLE `LEVEL`
  MODIFY `idLEVEL` int(11) NOT NULL AUTO_INCREMENT, AUTO_INCREMENT=6;
--
-- Constraints for dumped tables
--

--
-- Constraints for table `ADVISOR_CATEGORIE_APPOINTMENT`
--
ALTER TABLE `ADVISOR_CATEGORIE_APPOINTMENT`
  ADD CONSTRAINT `fk_ADVISOR_has_CATEGORIE_APPOINTMENT_ADVISOR1` FOREIGN KEY (`idADVISOR`) REFERENCES `ADVISOR` (`idADVISOR`) ON DELETE NO ACTION ON UPDATE NO ACTION,
  ADD CONSTRAINT `fk_ADVISOR_has_CATEGORIE_APPOINTMENT_CATEGORIE_APPOINTMENT1` FOREIGN KEY (`idCATEGORIE_APPOINTMENT`) REFERENCES `CATEGORIE_APPOINTMENT` (`idCATEGORIE_APPOINTMENT`) ON DELETE NO ACTION ON UPDATE NO ACTION;

--
-- Constraints for table `APPOINTMENT`
--
ALTER TABLE `APPOINTMENT`
  ADD CONSTRAINT `fk_APPOINTMENT_ENTITY1` FOREIGN KEY (`idENTITY`) REFERENCES `ENTITY` (`idENTITY`) ON DELETE NO ACTION ON UPDATE NO ACTION;

--
-- Constraints for table `CATEGORIE_APPOINTMENT`
--
ALTER TABLE `CATEGORIE_APPOINTMENT`
  ADD CONSTRAINT `fk_CATEGORIE_APPOINTMENT_LEVEL1` FOREIGN KEY (`LEVEL`) REFERENCES `LEVEL` (`idLEVEL`) ON DELETE NO ACTION ON UPDATE NO ACTION;

--
-- Constraints for table `CATEGORIE_APPOINTMENT_PARENT`
--
ALTER TABLE `CATEGORIE_APPOINTMENT_PARENT`
  ADD CONSTRAINT `fk_CATEGORIE_APPOINTMENT_has_CATEGORIE_APPOINTMENT_CATEGORIE_1` FOREIGN KEY (`idCATEGORIE_APPOINTMENT`) REFERENCES `CATEGORIE_APPOINTMENT` (`idCATEGORIE_APPOINTMENT`) ON DELETE NO ACTION ON UPDATE NO ACTION,
  ADD CONSTRAINT `fk_CATEGORIE_APPOINTMENT_has_CATEGORIE_APPOINTMENT_CATEGORIE_2` FOREIGN KEY (`PARENT_ID`) REFERENCES `CATEGORIE_APPOINTMENT` (`idCATEGORIE_APPOINTMENT`) ON DELETE NO ACTION ON UPDATE NO ACTION;

--
-- Constraints for table `COLOR_CATEGORIE`
--
ALTER TABLE `COLOR_CATEGORIE`
  ADD CONSTRAINT `fk_COLOR_has_CATEGORIE_APPOINTMENT_CATEGORIE_APPOINTMENT1` FOREIGN KEY (`idCATEGORIE_APPOINTMENT`) REFERENCES `CATEGORIE_APPOINTMENT` (`idCATEGORIE_APPOINTMENT`) ON DELETE NO ACTION ON UPDATE NO ACTION,
  ADD CONSTRAINT `fk_COLOR_has_CATEGORIE_APPOINTMENT_COLOR1` FOREIGN KEY (`idCOLOR`) REFERENCES `COLOR` (`idCOLOR`) ON DELETE NO ACTION ON UPDATE NO ACTION;

--
-- Constraints for table `ENTITY_CATEGORIE`
--
ALTER TABLE `ENTITY_CATEGORIE`
  ADD CONSTRAINT `fk_ENTITY_CATEGORIE_ENTITY1` FOREIGN KEY (`idENTITY`) REFERENCES `ENTITY` (`idENTITY`) ON DELETE NO ACTION ON UPDATE NO ACTION;

/*!40101 SET CHARACTER_SET_CLIENT=@OLD_CHARACTER_SET_CLIENT */;
/*!40101 SET CHARACTER_SET_RESULTS=@OLD_CHARACTER_SET_RESULTS */;
/*!40101 SET COLLATION_CONNECTION=@OLD_COLLATION_CONNECTION */;
